[{
	"type": "directory",
	"name": "dotprobe-js",
	"subdirectory": [{
		"type": "directory",
		"name": "#eprime",
		"subdirectory": [{
			"info": "###",
			"type": "file",
			"name": "1.xlsx"
		}, {
			"info": "###",
			"type": "file",
			"name": "no_practice.es2"
		}, {
			"info": "###",
			"type": "file",
			"name": "stim.zip"
		}, {
			"info": "###",
			"type": "file",
			"name": "with_practice.es2"
		}]
	}, {
		"type": "directory",
		"name": "#python",
		"subdirectory": [{
			"type": "directory",
			"name": "crop",
			"subdirectory": [{
				"info": "###",
				"type": "file",
				"name": "crop.zip"
			}, {
				"info": "###",
				"type": "file",
				"name": "new.py"
			}]
		}, {
			"type": "directory",
			"name": "directory",
			"subdirectory": [{
				"info": "###",
				"type": "file",
				"name": "directory.py"
			}]
		}]
	}, {
		"type": "directory",
		"name": "dotprobe-js",
		"subdirectory": [{
			"info": "###",
			"type": "file",
			"name": ".htaccess"
		}, {
			"type": "directory",
			"name": "build",
			"subdirectory": [{
				"type": "directory",
				"name": "webgazer",
				"subdirectory": [{
					"type": "directory",
					"name": "build",
					"subdirectory": []
				}, {
					"type": "directory",
					"name": "dependencies",
					"subdirectory": [{
						"type": "directory",
						"name": "clmtrackr",
						"subdirectory": [{
							"info": "###",
							"type": "file",
							"name": "clm.js"
						}, {
							"info": "###",
							"type": "file",
							"name": "frontalface.js"
						}, {
							"info": "###",
							"type": "file",
							"name": "jsfeat-min.js"
						}, {
							"info": "###",
							"type": "file",
							"name": "jsfeat_detect.js"
						}, {
							"info": "###",
							"type": "file",
							"name": "jsfeat_detect_worker.js"
						}, {
							"info": "###",
							"type": "file",
							"name": "left_eye_filter.js"
						}, {
							"info": "###",
							"type": "file",
							"name": "license.js"
						}, {
							"info": "###",
							"type": "file",
							"name": "model_pca_20_svm.js"
						}, {
							"info": "###",
							"type": "file",
							"name": "mosse.js"
						}, {
							"info": "###",
							"type": "file",
							"name": "mossefilter.js"
						}, {
							"info": "###",
							"type": "file",
							"name": "nose_filter.js"
						}, {
							"info": "###",
							"type": "file",
							"name": "numeric-1.2.6.min.js"
						}, {
							"info": "###",
							"type": "file",
							"name": "right_eye_filter.js"
						}, {
							"info": "###",
							"type": "file",
							"name": "svmfilter_fft.js"
						}, {
							"info": "###",
							"type": "file",
							"name": "svmfilter_webgl.js"
						}, {
							"info": "###",
							"type": "file",
							"name": "utils.js"
						}]
					}, {
						"type": "directory",
						"name": "js-objectdetect",
						"subdirectory": [{
							"type": "directory",
							"name": "js",
							"subdirectory": [{
								"info": "###",
								"type": "file",
								"name": "objectdetect.eye.js"
							}, {
								"info": "###",
								"type": "file",
								"name": "objectdetect.frontalface_alt.js"
							}, {
								"info": "###",
								"type": "file",
								"name": "objectdetect.js"
							}, {
								"info": "###",
								"type": "file",
								"name": "smoother.js"
							}]
						}]
					}, {
						"type": "directory",
						"name": "tracking.js",
						"subdirectory": [{
							"type": "directory",
							"name": "build",
							"subdirectory": [{
								"type": "directory",
								"name": "data",
								"subdirectory": [{
									"info": "###",
									"type": "file",
									"name": "eye-min.js"
								}, {
									"info": "###",
									"type": "file",
									"name": "eye.js"
								}, {
									"info": "###",
									"type": "file",
									"name": "face-min.js"
								}, {
									"info": "###",
									"type": "file",
									"name": "face.js"
								}, {
									"info": "###",
									"type": "file",
									"name": "mouth-min.js"
								}, {
									"info": "###",
									"type": "file",
									"name": "mouth.js"
								}]
							}, {
								"info": "###",
								"type": "file",
								"name": "tracking-min.js"
							}, {
								"info": "###",
								"type": "file",
								"name": "tracking.js"
							}]
						}, {
							"type": "directory",
							"name": "src",
							"subdirectory": [{
								"type": "directory",
								"name": "detection",
								"subdirectory": [{
									"type": "directory",
									"name": "training",
									"subdirectory": [{
										"type": "directory",
										"name": "haar",
										"subdirectory": [{
											"info": "###",
											"type": "file",
											"name": "eye.js"
										}, {
											"info": "###",
											"type": "file",
											"name": "face.js"
										}, {
											"info": "###",
											"type": "file",
											"name": "mouth.js"
										}]
									}]
								}, {
									"info": "###",
									"type": "file",
									"name": "ViolaJones.js"
								}]
							}, {
								"type": "directory",
								"name": "features",
								"subdirectory": [{
									"info": "###",
									"type": "file",
									"name": "Brief.js"
								}, {
									"info": "###",
									"type": "file",
									"name": "Fast.js"
								}]
							}, {
								"type": "directory",
								"name": "math",
								"subdirectory": [{
									"info": "###",
									"type": "file",
									"name": "Math.js"
								}, {
									"info": "###",
									"type": "file",
									"name": "Matrix.js"
								}]
							}, {
								"type": "directory",
								"name": "pose",
								"subdirectory": [{
									"info": "###",
									"type": "file",
									"name": "EPnP.js"
								}]
							}, {
								"type": "directory",
								"name": "trackers",
								"subdirectory": [{
									"info": "###",
									"type": "file",
									"name": "ColorTracker.js"
								}, {
									"info": "###",
									"type": "file",
									"name": "ObjectTracker.js"
								}, {
									"info": "###",
									"type": "file",
									"name": "Tracker.js"
								}, {
									"info": "###",
									"type": "file",
									"name": "TrackerTask.js"
								}]
							}, {
								"info": "###",
								"type": "file",
								"name": "tracking.js"
							}, {
								"type": "directory",
								"name": "utils",
								"subdirectory": [{
									"info": "###",
									"type": "file",
									"name": "Canvas.js"
								}, {
									"info": "###",
									"type": "file",
									"name": "DisjointSet.js"
								}, {
									"info": "###",
									"type": "file",
									"name": "EventEmitter.js"
								}, {
									"info": "###",
									"type": "file",
									"name": "Image.js"
								}]
							}]
						}, {
							"info": "###",
							"type": "file",
							"name": "tracking.js"
						}]
					}]
				}, {
					"info": "###",
					"type": "file",
					"name": "Gruntfile.js"
				}, {
					"info": "###",
					"type": "file",
					"name": "package.json"
				}, {
					"type": "directory",
					"name": "src",
					"subdirectory": [{
						"info": "###",
						"type": "file",
						"name": "blinkDetector.js"
					}, {
						"info": "###",
						"type": "file",
						"name": "clmGaze.js"
					}, {
						"info": "###",
						"type": "file",
						"name": "IMHR-webgazer-core.js"
					}, {
						"info": "###",
						"type": "file",
						"name": "js_objectdetectGaze.js"
					}, {
						"info": "###",
						"type": "file",
						"name": "linearReg.js"
					}, {
						"info": "###",
						"type": "file",
						"name": "mat.js"
					}, {
						"info": "###",
						"type": "file",
						"name": "pupil.js"
					}, {
						"info": "###",
						"type": "file",
						"name": "regression.js"
					}, {
						"info": "###",
						"type": "file",
						"name": "ridgeReg.js"
					}, {
						"info": "###",
						"type": "file",
						"name": "ridgeRegThreaded.js"
					}, {
						"info": "###",
						"type": "file",
						"name": "ridgeWeightedReg.js"
					}, {
						"info": "###",
						"type": "file",
						"name": "ridgeWorker.js"
					}, {
						"info": "###",
						"type": "file",
						"name": "trackingjsGaze.js"
					}, {
						"info": "###",
						"type": "file",
						"name": "util.js"
					}]
				}]
			}]
		}, {
			"type": "directory",
			"name": "data",
			"subdirectory": [{
				"type": "directory",
				"name": "a",
				"subdirectory": [{
					"type": "directory",
					"name": "css",
					"subdirectory": [{
						"info": "###",
						"type": "file",
						"name": "bootstrap.css"
					}, {
						"info": "###",
						"type": "file",
						"name": "bootstrap.min.css"
					}, {
						"info": "###",
						"type": "file",
						"name": "buttons.bootstrap.min.css"
					}, {
						"info": "###",
						"type": "file",
						"name": "calendar.css"
					}, {
						"info": "###",
						"type": "file",
						"name": "dataTables.bootstrap.min.css"
					}, {
						"info": "###",
						"type": "file",
						"name": "ej.widgets.core.office-365.min.css"
					}, {
						"type": "directory",
						"name": "fonts",
						"subdirectory": [{
							"info": "###",
							"type": "file",
							"name": "2tsd397wLxj96qwHyNIkxPesZW2xOQ-xsNqO47m55DA.woff2"
						}, {
							"info": "###",
							"type": "file",
							"name": "CWB0XYA8bzo0kSThX0UTuA.woff2"
						}, {
							"info": "###",
							"type": "file",
							"name": "d-6IYplOFocCacKzxwXSOFtXRa8TVwTICgirnJhmVJw.woff2"
						}, {
							"info": "###",
							"type": "file",
							"name": "ejicons.eot"
						}, {
							"info": "###",
							"type": "file",
							"name": "ejicons.ttf"
						}, {
							"info": "###",
							"type": "file",
							"name": "ejicons.woff"
						}, {
							"info": "###",
							"type": "file",
							"name": "glyphicons-halflings-regular.ttf"
						}, {
							"info": "###",
							"type": "file",
							"name": "glyphicons-halflings-regular.woff"
						}, {
							"info": "###",
							"type": "file",
							"name": "glyphicons-halflings-regular.woff2"
						}, {
							"info": "###",
							"type": "file",
							"name": "mnpfi9pxYH-Go5UiibESIltXRa8TVwTICgirnJhmVJw.woff2"
						}, {
							"info": "###",
							"type": "file",
							"name": "qdgUG4U09HnJwhYI-uK18wLUuEpTyoUstqEm5AMlJo4.woff"
						}, {
							"info": "###",
							"type": "file",
							"name": "qIIYRU-oROkIk8vfvxw6QvesZW2xOQ-xsNqO47m55DA.woff"
						}, {
							"info": "###",
							"type": "file",
							"name": "raleway_thin-webfont.woff"
						}, {
							"info": "###",
							"type": "file",
							"name": "RxZJdnzeo3R5zSexge8UUVtXRa8TVwTICgirnJhmVJw.woff2"
						}, {
							"info": "###",
							"type": "file",
							"name": "RYyZNoeFgb0l7W3Vu1aSWOvvDin1pK8aKteLpeZ5c0A.woff"
						}]
					}, {
						"info": "###",
						"type": "file",
						"name": "fonts.css"
					}, {
						"info": "###",
						"type": "file",
						"name": "fullcalendar.min.css"
					}, {
						"info": "###",
						"type": "file",
						"name": "fullcalendar.print.css"
					}, {
						"type": "directory",
						"name": "images",
						"subdirectory": [{
							"info": "###",
							"type": "file",
							"name": "ejicons.svg"
						}, {
							"info": "###",
							"type": "file",
							"name": "ui-bg_diagonals-thick_90_eeeeee_40x40.png"
						}, {
							"info": "###",
							"type": "file",
							"name": "ui-bg_glass_100_e4f1fb_1x400.png"
						}, {
							"info": "###",
							"type": "file",
							"name": "ui-bg_glass_50_3baae3_1x400.png"
						}, {
							"info": "###",
							"type": "file",
							"name": "ui-bg_glass_80_d7ebf9_1x400.png"
						}, {
							"info": "###",
							"type": "file",
							"name": "ui-bg_highlight-hard_100_f2f5f7_1x100.png"
						}, {
							"info": "###",
							"type": "file",
							"name": "ui-bg_highlight-hard_70_000000_1x100.png"
						}, {
							"info": "###",
							"type": "file",
							"name": "ui-bg_highlight-soft_100_deedf7_1x100.png"
						}, {
							"info": "###",
							"type": "file",
							"name": "ui-bg_highlight-soft_25_ffef8f_1x100.png"
						}, {
							"info": "###",
							"type": "file",
							"name": "ui-icons_2694e8_256x240.png"
						}, {
							"info": "###",
							"type": "file",
							"name": "ui-icons_2e83ff_256x240.png"
						}, {
							"info": "###",
							"type": "file",
							"name": "ui-icons_3d80b3_256x240.png"
						}, {
							"info": "###",
							"type": "file",
							"name": "ui-icons_444444_256x240.png"
						}, {
							"info": "###",
							"type": "file",
							"name": "ui-icons_555555_256x240.png"
						}, {
							"info": "###",
							"type": "file",
							"name": "ui-icons_72a7cf_256x240.png"
						}, {
							"info": "###",
							"type": "file",
							"name": "ui-icons_777620_256x240.png"
						}, {
							"info": "###",
							"type": "file",
							"name": "ui-icons_777777_256x240.png"
						}, {
							"info": "###",
							"type": "file",
							"name": "ui-icons_cc0000_256x240.png"
						}, {
							"info": "###",
							"type": "file",
							"name": "ui-icons_ffffff_256x240.png"
						}]
					}, {
						"info": "###",
						"type": "file",
						"name": "jquery-ui.css"
					}, {
						"info": "###",
						"type": "file",
						"name": "responsive.bootstrap.min.css"
					}, {
						"info": "###",
						"type": "file",
						"name": "roboto.css"
					}, {
						"info": "###",
						"type": "file",
						"name": "scheduler.min.css"
					}, {
						"info": "###",
						"type": "file",
						"name": "user.css"
					}]
				}, {
					"info": "###",
					"type": "file",
					"name": "fail.html"
				}, {
					"type": "directory",
					"name": "img",
					"subdirectory": [{
						"info": "###",
						"type": "file",
						"name": "calendar.png"
					}, {
						"info": "###",
						"type": "file",
						"name": "calendar.svg"
					}, {
						"info": "###",
						"type": "file",
						"name": "csv.svg"
					}, {
						"info": "###",
						"type": "file",
						"name": "data.png"
					}, {
						"info": "###",
						"type": "file",
						"name": "data.svg"
					}, {
						"info": "###",
						"type": "file",
						"name": "day.svg"
					}, {
						"info": "###",
						"type": "file",
						"name": "doc.svg"
					}, {
						"info": "###",
						"type": "file",
						"name": "download.png"
					}, {
						"info": "###",
						"type": "file",
						"name": "download.svg"
					}, {
						"info": "###",
						"type": "file",
						"name": "exe.svg"
					}, {
						"info": "###",
						"type": "file",
						"name": "folder.svg"
					}, {
						"info": "###",
						"type": "file",
						"name": "image.svg"
					}, {
						"info": "###",
						"type": "file",
						"name": "jpg.svg"
					}, {
						"info": "###",
						"type": "file",
						"name": "json.svg"
					}, {
						"info": "###",
						"type": "file",
						"name": "menu.svg"
					}, {
						"info": "###",
						"type": "file",
						"name": "month.svg"
					}, {
						"info": "###",
						"type": "file",
						"name": "pdf.svg"
					}, {
						"info": "###",
						"type": "file",
						"name": "png.svg"
					}, {
						"info": "###",
						"type": "file",
						"name": "sort_asc.png"
					}, {
						"info": "###",
						"type": "file",
						"name": "sort_asc_disabled.png"
					}, {
						"info": "###",
						"type": "file",
						"name": "sort_both.png"
					}, {
						"info": "###",
						"type": "file",
						"name": "sort_desc.png"
					}, {
						"info": "###",
						"type": "file",
						"name": "sort_desc_disabled.png"
					}, {
						"info": "###",
						"type": "file",
						"name": "table.png"
					}, {
						"info": "###",
						"type": "file",
						"name": "table.svg"
					}, {
						"info": "###",
						"type": "file",
						"name": "txt.svg"
					}, {
						"info": "###",
						"type": "file",
						"name": "waitingpopup.gif"
					}, {
						"info": "###",
						"type": "file",
						"name": "xls.svg"
					}, {
						"info": "###",
						"type": "file",
						"name": "zip.svg"
					}]
				}, {
					"info": "###",
					"type": "file",
					"name": "index.html"
				}, {
					"type": "directory",
					"name": "js",
					"subdirectory": [{
						"info": "###",
						"type": "file",
						"name": "bootstrap.min.js"
					}, {
						"info": "###",
						"type": "file",
						"name": "buttons.bootstrap.min.js"
					}, {
						"info": "###",
						"type": "file",
						"name": "buttons.html5.min.js"
					}, {
						"info": "###",
						"type": "file",
						"name": "dataTables.bootstrap.min.js"
					}, {
						"info": "###",
						"type": "file",
						"name": "dataTables.buttons.min.js"
					}, {
						"info": "###",
						"type": "file",
						"name": "dataTables.responsive.min.js"
					}, {
						"info": "###",
						"type": "file",
						"name": "ej.fileExplorer.js"
					}, {
						"info": "###",
						"type": "file",
						"name": "fullcalendar.js"
					}, {
						"info": "###",
						"type": "file",
						"name": "get-cal.js"
					}, {
						"info": "###",
						"type": "file",
						"name": "jquery-3.1.0.min.js"
					}, {
						"info": "###",
						"type": "file",
						"name": "jquery-ui.min.js"
					}, {
						"info": "###",
						"type": "file",
						"name": "jquery.dataTables.min.js"
					}, {
						"info": "###",
						"type": "file",
						"name": "jquery.simpler-sidebar.min.js"
					}, {
						"info": "###",
						"type": "file",
						"name": "jszip.min.js"
					}, {
						"info": "###",
						"type": "file",
						"name": "lodash.min.js"
					}, {
						"info": "###",
						"type": "file",
						"name": "moment.min.js"
					}, {
						"info": "###",
						"type": "file",
						"name": "plotlyjs-bundle.js"
					}, {
						"info": "###",
						"type": "file",
						"name": "responsive.bootstrap.min.js"
					}, {
						"info": "###",
						"type": "file",
						"name": "user.js"
					}]
				}, {
					"type": "directory",
					"name": "php",
					"subdirectory": [{
						"type": "directory",
						"name": "FileExplorer",
						"subdirectory": [{
							"info": "###",
							"type": "file",
							"name": "FileExplorerOperations.php"
						}, {
							"info": "###",
							"type": "file",
							"name": "index.php"
						}]
					}, {
						"info": "###",
						"type": "file",
						"name": "get.php"
					}]
				}]
			}, {
				"type": "directory",
				"name": "google",
				"subdirectory": [{
					"type": "directory",
					"name": "css",
					"subdirectory": []
				}, {
					"info": "###",
					"type": "file",
					"name": "index.html"
				}, {
					"type": "directory",
					"name": "js",
					"subdirectory": [{
						"info": "###",
						"type": "file",
						"name": "client_secret_239631765696-nilcgq35d1iu2m5evikaue06ef5eatoe.apps.googleusercontent.com.json"
					}, {
						"info": "###",
						"type": "file",
						"name": "get-cal.js"
					}, {
						"info": "###",
						"type": "file",
						"name": "jquery-1.12.4.js"
					}]
				}]
			}, {
				"type": "directory",
				"name": "graph",
				"subdirectory": [{
					"info": "###",
					"type": "file",
					"name": "crimea.csv"
				}, {
					"type": "directory",
					"name": "css",
					"subdirectory": []
				}, {
					"info": "###",
					"type": "file",
					"name": "data.csv"
				}, {
					"info": "###",
					"type": "file",
					"name": "dotprobe_table.csv"
				}, {
					"info": "###",
					"type": "file",
					"name": "index.html"
				}, {
					"type": "directory",
					"name": "js",
					"subdirectory": [{
						"info": "###",
						"type": "file",
						"name": "d3.v4.min.js"
					}, {
						"info": "###",
						"type": "file",
						"name": "graph.js"
					}]
				}, {
					"info": "###",
					"type": "file",
					"name": "json.js"
				}]
			}, {
				"type": "directory",
				"name": "notify",
				"subdirectory": [{
					"info": "###",
					"type": "file",
					"name": "index.php"
				}]
			}, {
				"type": "directory",
				"name": "redcap",
				"subdirectory": [{
					"info": "###",
					"type": "file",
					"name": "index.php"
				}, {
					"type": "directory",
					"name": "reqs",
					"subdirectory": [{
						"info": "###",
						"type": "file",
						"name": "class.phpmailer.php"
					}, {
						"info": "###",
						"type": "file",
						"name": "PHPMailerAutoload.php"
					}]
				}]
			}, {
				"type": "directory",
				"name": "u",
				"subdirectory": [{
					"type": "directory",
					"name": "css",
					"subdirectory": [{
						"info": "###",
						"type": "file",
						"name": "bootstrap.css"
					}, {
						"info": "###",
						"type": "file",
						"name": "bootstrap.min.css"
					}, {
						"info": "###",
						"type": "file",
						"name": "buttons.bootstrap.min.css"
					}, {
						"info": "###",
						"type": "file",
						"name": "dataTables.bootstrap.min.css"
					}, {
						"type": "directory",
						"name": "fonts",
						"subdirectory": [{
							"info": "###",
							"type": "file",
							"name": "2tsd397wLxj96qwHyNIkxPesZW2xOQ-xsNqO47m55DA.woff2"
						}, {
							"info": "###",
							"type": "file",
							"name": "CWB0XYA8bzo0kSThX0UTuA.woff2"
						}, {
							"info": "###",
							"type": "file",
							"name": "d-6IYplOFocCacKzxwXSOFtXRa8TVwTICgirnJhmVJw.woff2"
						}, {
							"info": "###",
							"type": "file",
							"name": "ejicons.eot"
						}, {
							"info": "###",
							"type": "file",
							"name": "ejicons.ttf"
						}, {
							"info": "###",
							"type": "file",
							"name": "ejicons.woff"
						}, {
							"info": "###",
							"type": "file",
							"name": "glyphicons-halflings-regular.ttf"
						}, {
							"info": "###",
							"type": "file",
							"name": "glyphicons-halflings-regular.woff"
						}, {
							"info": "###",
							"type": "file",
							"name": "glyphicons-halflings-regular.woff2"
						}, {
							"info": "###",
							"type": "file",
							"name": "mnpfi9pxYH-Go5UiibESIltXRa8TVwTICgirnJhmVJw.woff2"
						}, {
							"info": "###",
							"type": "file",
							"name": "qdgUG4U09HnJwhYI-uK18wLUuEpTyoUstqEm5AMlJo4.woff"
						}, {
							"info": "###",
							"type": "file",
							"name": "qIIYRU-oROkIk8vfvxw6QvesZW2xOQ-xsNqO47m55DA.woff"
						}, {
							"info": "###",
							"type": "file",
							"name": "raleway_thin-webfont.woff"
						}, {
							"info": "###",
							"type": "file",
							"name": "RxZJdnzeo3R5zSexge8UUVtXRa8TVwTICgirnJhmVJw.woff2"
						}, {
							"info": "###",
							"type": "file",
							"name": "RYyZNoeFgb0l7W3Vu1aSWOvvDin1pK8aKteLpeZ5c0A.woff"
						}]
					}, {
						"info": "###",
						"type": "file",
						"name": "responsive.bootstrap.min.css"
					}, {
						"info": "###",
						"type": "file",
						"name": "user.css"
					}]
				}, {
					"info": "###",
					"type": "file",
					"name": "fail.html"
				}, {
					"info": "###",
					"type": "file",
					"name": "index.html"
				}, {
					"type": "directory",
					"name": "js",
					"subdirectory": [{
						"info": "###",
						"type": "file",
						"name": "buttons.bootstrap.min.js"
					}, {
						"info": "###",
						"type": "file",
						"name": "buttons.html5.min.js"
					}, {
						"info": "###",
						"type": "file",
						"name": "dataTables.bootstrap.min.js"
					}, {
						"info": "###",
						"type": "file",
						"name": "dataTables.buttons.min.js"
					}, {
						"info": "###",
						"type": "file",
						"name": "dataTables.responsive.min.js"
					}, {
						"info": "###",
						"type": "file",
						"name": "jquery-3.1.0.min.js"
					}, {
						"info": "###",
						"type": "file",
						"name": "jquery.dataTables.min.js"
					}, {
						"info": "###",
						"type": "file",
						"name": "jszip.min.js"
					}, {
						"info": "###",
						"type": "file",
						"name": "lodash.min.js"
					}, {
						"info": "###",
						"type": "file",
						"name": "responsive.bootstrap.min.js"
					}, {
						"info": "###",
						"type": "file",
						"name": "user.js"
					}]
				}, {
					"type": "directory",
					"name": "php",
					"subdirectory": [{
						"info": "###",
						"type": "file",
						"name": "get.php"
					}]
				}]
			}]
		}, {
			"type": "directory",
			"name": "dist",
			"subdirectory": [{
				"type": "directory",
				"name": "css",
				"subdirectory": [{
					"info": "###",
					"type": "file",
					"name": "experiment.css"
				}, {
					"info": "###",
					"type": "file",
					"name": "family.css"
				}, {
					"info": "###",
					"type": "file",
					"name": "index.css"
				}, {
					"info": "###",
					"type": "file",
					"name": "jquery-ui.min.css"
				}, {
					"info": "###",
					"type": "file",
					"name": "jspsych.css"
				}, {
					"info": "###",
					"type": "file",
					"name": "progress.css"
				}, {
					"info": "###",
					"type": "file",
					"name": "reject.css"
				}]
			}, {
				"type": "directory",
				"name": "img",
				"subdirectory": [{
					"type": "directory",
					"name": "calibrate",
					"subdirectory": [{
						"info": "###",
						"type": "file",
						"name": "g.png"
					}, {
						"info": "###",
						"type": "file",
						"name": "g_t.png"
					}, {
						"info": "###",
						"type": "file",
						"name": "r_l.png"
					}, {
						"info": "###",
						"type": "file",
						"name": "r_r.png"
					}, {
						"info": "###",
						"type": "file",
						"name": "r_u.png"
					}]
				}, {
					"info": "###",
					"type": "file",
					"name": "chrome.png"
				}, {
					"info": "###",
					"type": "file",
					"name": "edge.png"
				}, {
					"type": "directory",
					"name": "favicon",
					"subdirectory": [{
						"info": "###",
						"type": "file",
						"name": "favicon-114.png"
					}, {
						"info": "###",
						"type": "file",
						"name": "favicon-120.png"
					}, {
						"info": "###",
						"type": "file",
						"name": "favicon-144.png"
					}, {
						"info": "###",
						"type": "file",
						"name": "favicon-150.png"
					}, {
						"info": "###",
						"type": "file",
						"name": "favicon-152.png"
					}, {
						"info": "###",
						"type": "file",
						"name": "favicon-16.png"
					}, {
						"info": "###",
						"type": "file",
						"name": "favicon-160.png"
					}, {
						"info": "###",
						"type": "file",
						"name": "favicon-180.png"
					}, {
						"info": "###",
						"type": "file",
						"name": "favicon-192.png"
					}, {
						"info": "###",
						"type": "file",
						"name": "favicon-310.png"
					}, {
						"info": "###",
						"type": "file",
						"name": "favicon-32.png"
					}, {
						"info": "###",
						"type": "file",
						"name": "favicon-57.png"
					}, {
						"info": "###",
						"type": "file",
						"name": "favicon-60.png"
					}, {
						"info": "###",
						"type": "file",
						"name": "favicon-64.png"
					}, {
						"info": "###",
						"type": "file",
						"name": "favicon-70.png"
					}, {
						"info": "###",
						"type": "file",
						"name": "favicon-72.png"
					}, {
						"info": "###",
						"type": "file",
						"name": "favicon-76.png"
					}, {
						"info": "###",
						"type": "file",
						"name": "favicon-96.png"
					}, {
						"info": "###",
						"type": "file",
						"name": "favicon.ico"
					}]
				}, {
					"info": "###",
					"type": "file",
					"name": "firefox.png"
				}, {
					"info": "###",
					"type": "file",
					"name": "happy.png"
				}, {
					"info": "###",
					"type": "file",
					"name": "opera.png"
				}, {
					"info": "###",
					"type": "file",
					"name": "sad.png"
				}]
			}, {
				"type": "directory",
				"name": "js",
				"subdirectory": [{
					"info": "###",
					"type": "file",
					"name": "adapter.js"
				}, {
					"type": "directory",
					"name": "backup",
					"subdirectory": [{
						"info": "###",
						"type": "file",
						"name": "adapter.js"
					}, {
						"info": "###",
						"type": "file",
						"name": "webgazer.js"
					}]
				}, {
					"info": "###",
					"type": "file",
					"name": "d3.v4.0.0-alpha.49.min.js"
				}, {
					"info": "###",
					"type": "file",
					"name": "detect.min.js"
				}, {
					"info": "###",
					"type": "file",
					"name": "headtrackr.js"
				}, {
					"info": "###",
					"type": "file",
					"name": "jquery-3.1.0.min.js"
				}, {
					"info": "###",
					"type": "file",
					"name": "jquery-deparam.js"
				}, {
					"info": "###",
					"type": "file",
					"name": "jquery-ui.min.js"
				}, {
					"info": "###",
					"type": "file",
					"name": "jspsych.js"
				}, {
					"info": "###",
					"type": "file",
					"name": "lodash.js"
				}, {
					"info": "###",
					"type": "file",
					"name": "parallax.js"
				}, {
					"info": "###",
					"type": "file",
					"name": "progressbar.js"
				}, {
					"info": "###",
					"type": "file",
					"name": "underscore.js"
				}, {
					"info": "###",
					"type": "file",
					"name": "URI.min.js"
				}, {
					"info": "###",
					"type": "file",
					"name": "webgazer.js"
				}]
			}]
		}, {
			"type": "directory",
			"name": "docs",
			"subdirectory": [{
				"type": "directory",
				"name": "articles",
				"subdirectory": [{
					"type": "directory",
					"name": "js-eyetracking",
					"subdirectory": [{
						"info": "###",
						"type": "file",
						"name": "10.3758%2Fs13428-017-0913-7.pdf"
					}]
				}, {
					"type": "directory",
					"name": "r33",
					"subdirectory": [{
						"info": "###",
						"type": "file",
						"name": "Beevers(2008).pdf"
					}, {
						"info": "###",
						"type": "file",
						"name": "Beevers(2015).pdf"
					}, {
						"info": "###",
						"type": "file",
						"name": "r33.pdf"
					}]
				}, {
					"type": "directory",
					"name": "webgazer",
					"subdirectory": [{
						"info": "###",
						"type": "file",
						"name": "searchgazer(2017).pdf"
					}, {
						"info": "###",
						"type": "file",
						"name": "webgazer(2017).pdf"
					}]
				}]
			}, {
				"type": "directory",
				"name": "code-lookup-table",
				"subdirectory": [{
					"info": "###",
					"type": "file",
					"name": "R33_code_lookup_full.csv"
				}]
			}, {
				"info": "###",
				"type": "file",
				"name": "directory.json"
			}, {
				"type": "directory",
				"name": "dotloc",
				"subdirectory": [{
					"info": "###",
					"type": "file",
					"name": "asterisk.pptx"
				}]
			}, {
				"info": "###",
				"type": "file",
				"name": "structure.png"
			}, {
				"info": "###",
				"type": "file",
				"name": "variables.json"
			}]
		}, {
			"info": "###",
			"type": "file",
			"name": "index.html"
		}, {
			"info": "###",
			"type": "file",
			"name": "README.md"
		}, {
			"type": "directory",
			"name": "src",
			"subdirectory": [{
				"type": "directory",
				"name": "csv",
				"subdirectory": [{
					"type": "directory",
					"name": "data",
					"subdirectory": [{
						"type": "directory",
						"name": "admin",
						"subdirectory": [{
							"info": "###",
							"type": "file",
							"name": ".gitkeep"
						}, {
							"info": "###",
							"type": "file",
							"name": "eyetracking3_1.csv"
						}, {
							"type": "directory",
							"name": "part",
							"subdirectory": [{
								"info": "###",
								"type": "file",
								"name": ".gitkeep"
							}, {
								"info": "###",
								"type": "file",
								"name": "test_1.csv"
							}]
						}]
					}, {
						"type": "directory",
						"name": "backup",
						"subdirectory": [{
							"info": "###",
							"type": "file",
							"name": ".gitkeep"
						}, {
							"info": "###",
							"type": "file",
							"name": "brooke.csv"
						}, {
							"info": "###",
							"type": "file",
							"name": "eyetracking3_1.csv"
						}, {
							"info": "###",
							"type": "file",
							"name": "mallory.csv"
						}, {
							"info": "###",
							"type": "file",
							"name": "semeon.csv"
						}, {
							"info": "###",
							"type": "file",
							"name": "semeon1.csv"
						}, {
							"info": "###",
							"type": "file",
							"name": "semeon2.csv"
						}, {
							"info": "###",
							"type": "file",
							"name": "test_1.csv"
						}]
					}, {
						"type": "directory",
						"name": "subject",
						"subdirectory": [{
							"info": "###",
							"type": "file",
							"name": ".gitkeep"
						}, {
							"type": "directory",
							"name": "part",
							"subdirectory": [{
								"info": "###",
								"type": "file",
								"name": ".gitkeep"
							}, {
								"info": "###",
								"type": "file",
								"name": "eyetracking3_1.csv"
							}]
						}, {
							"info": "###",
							"type": "file",
							"name": "test_1.csv"
						}]
					}]
				}]
			}, {
				"type": "directory",
				"name": "img",
				"subdirectory": [{
					"info": "###",
					"type": "file",
					"name": "cue_1.jpg"
				}, {
					"info": "###",
					"type": "file",
					"name": "cue_2.jpg"
				}, {
					"info": "###",
					"type": "file",
					"name": "fixation.png"
				}, {
					"info": "###",
					"type": "file",
					"name": "mask.jpg"
				}, {
					"type": "directory",
					"name": "parallax",
					"subdirectory": [{
						"info": "###",
						"type": "file",
						"name": "green0.png"
					}, {
						"info": "###",
						"type": "file",
						"name": "green1.png"
					}, {
						"info": "###",
						"type": "file",
						"name": "green2.png"
					}, {
						"info": "###",
						"type": "file",
						"name": "green3.png"
					}, {
						"info": "###",
						"type": "file",
						"name": "green4.png"
					}, {
						"info": "###",
						"type": "file",
						"name": "green5.png"
					}, {
						"info": "###",
						"type": "file",
						"name": "red0.png"
					}, {
						"info": "###",
						"type": "file",
						"name": "red1.png"
					}, {
						"info": "###",
						"type": "file",
						"name": "red2.png"
					}, {
						"info": "###",
						"type": "file",
						"name": "red3.png"
					}, {
						"info": "###",
						"type": "file",
						"name": "red4.png"
					}, {
						"info": "###",
						"type": "file",
						"name": "red5.png"
					}]
				}, {
					"type": "directory",
					"name": "stim",
					"subdirectory": [{
						"info": "###",
						"type": "file",
						"name": "i2102.jpg"
					}, {
						"info": "###",
						"type": "file",
						"name": "i2141.jpg"
					}, {
						"info": "###",
						"type": "file",
						"name": "i2205.jpg"
					}, {
						"info": "###",
						"type": "file",
						"name": "i2235.jpg"
					}, {
						"info": "###",
						"type": "file",
						"name": "i2276.jpg"
					}, {
						"info": "###",
						"type": "file",
						"name": "i2393.jpg"
					}, {
						"info": "###",
						"type": "file",
						"name": "i2397.jpg"
					}, {
						"info": "###",
						"type": "file",
						"name": "i2455.jpg"
					}, {
						"info": "###",
						"type": "file",
						"name": "i2700.jpg"
					}, {
						"info": "###",
						"type": "file",
						"name": "i2703.jpg"
					}, {
						"info": "###",
						"type": "file",
						"name": "i2745.jpg"
					}, {
						"info": "###",
						"type": "file",
						"name": "i2799.jpg"
					}, {
						"info": "###",
						"type": "file",
						"name": "i2850.jpg"
					}, {
						"info": "###",
						"type": "file",
						"name": "i2900.jpg"
					}, {
						"info": "###",
						"type": "file",
						"name": "i5390.jpg"
					}, {
						"info": "###",
						"type": "file",
						"name": "i5500.jpg"
					}, {
						"info": "###",
						"type": "file",
						"name": "i5731.jpg"
					}, {
						"info": "###",
						"type": "file",
						"name": "i7009.jpg"
					}, {
						"info": "###",
						"type": "file",
						"name": "i7041.jpg"
					}, {
						"info": "###",
						"type": "file",
						"name": "i7053.jpg"
					}, {
						"info": "###",
						"type": "file",
						"name": "i7090.jpg"
					}, {
						"info": "###",
						"type": "file",
						"name": "i7185.jpg"
					}, {
						"info": "###",
						"type": "file",
						"name": "i7493.jpg"
					}, {
						"info": "###",
						"type": "file",
						"name": "i9421.jpg"
					}, {
						"info": "###",
						"type": "file",
						"name": "i9530.jpg"
					}, {
						"info": "###",
						"type": "file",
						"name": "p0002.jpg"
					}, {
						"info": "###",
						"type": "file",
						"name": "p0006.jpg"
					}, {
						"info": "###",
						"type": "file",
						"name": "p0008.jpg"
					}, {
						"info": "###",
						"type": "file",
						"name": "p0013.jpg"
					}, {
						"info": "###",
						"type": "file",
						"name": "p0015.jpg"
					}, {
						"info": "###",
						"type": "file",
						"name": "p0021.jpg"
					}, {
						"info": "###",
						"type": "file",
						"name": "p0036.jpg"
					}, {
						"info": "###",
						"type": "file",
						"name": "p0041.jpg"
					}, {
						"info": "###",
						"type": "file",
						"name": "p0043.jpg"
					}, {
						"info": "###",
						"type": "file",
						"name": "p0047.jpg"
					}, {
						"info": "###",
						"type": "file",
						"name": "p0067.jpg"
					}, {
						"info": "###",
						"type": "file",
						"name": "p0072.jpg"
					}, {
						"info": "###",
						"type": "file",
						"name": "p0075.jpg"
					}, {
						"info": "###",
						"type": "file",
						"name": "p0076.jpg"
					}, {
						"info": "###",
						"type": "file",
						"name": "p0083.jpg"
					}, {
						"info": "###",
						"type": "file",
						"name": "p0086.jpg"
					}, {
						"info": "###",
						"type": "file",
						"name": "p0087.jpg"
					}, {
						"info": "###",
						"type": "file",
						"name": "p0092.jpg"
					}, {
						"info": "###",
						"type": "file",
						"name": "p0094.jpg"
					}, {
						"info": "###",
						"type": "file",
						"name": "p0099.jpg"
					}, {
						"info": "###",
						"type": "file",
						"name": "p0102.jpg"
					}, {
						"info": "###",
						"type": "file",
						"name": "p0110.jpg"
					}]
				}]
			}, {
				"type": "directory",
				"name": "js",
				"subdirectory": [{
					"info": "###",
					"type": "file",
					"name": "gaze.js"
				}, {
					"type": "directory",
					"name": "plugins",
					"subdirectory": [{
						"info": "###",
						"type": "file",
						"name": "camera-calibration.js"
					}, {
						"info": "###",
						"type": "file",
						"name": "camera-coordinates.js"
					}, {
						"info": "###",
						"type": "file",
						"name": "dotprobe-practice.js"
					}, {
						"info": "###",
						"type": "file",
						"name": "dotprobe-task.js"
					}, {
						"info": "###",
						"type": "file",
						"name": "instructions.js"
					}]
				}, {
					"info": "###",
					"type": "file",
					"name": "reject.js"
				}, {
					"info": "###",
					"type": "file",
					"name": "settings.js"
				}, {
					"info": "###",
					"type": "file",
					"name": "trials.js"
				}, {
					"info": "###",
					"type": "file",
					"name": "utils.js"
				}, {
					"type": "directory",
					"name": "worker",
					"subdirectory": [{
						"info": "###",
						"type": "file",
						"name": "worker.js"
					}]
				}]
			}, {
				"type": "directory",
				"name": "php",
				"subdirectory": [{
					"info": "###",
					"type": "file",
					"name": "email.php"
				}, {
					"info": "###",
					"type": "file",
					"name": "get.php"
				}, {
					"info": "###",
					"type": "file",
					"name": "get_timebackup.php"
				}, {
					"info": "###",
					"type": "file",
					"name": "post.php"
				}, {
					"type": "directory",
					"name": "reqs",
					"subdirectory": [{
						"info": "###",
						"type": "file",
						"name": "class.phpmailer.php"
					}, {
						"info": "###",
						"type": "file",
						"name": "PHPMailerAutoload.php"
					}]
				}, {
					"info": "###",
					"type": "file",
					"name": "upload.php"
				}]
			}]
		}, {
			"info": "###",
			"type": "file",
			"name": "todo.md"
		}, {
			"type": "directory",
			"name": "tools",
			"subdirectory": [{
				"type": "directory",
				"name": "stim-list",
				"subdirectory": [{
					"info": "###",
					"type": "file",
					"name": "iaps.csv"
				}, {
					"info": "###",
					"type": "file",
					"name": "pofa.csv"
				}]
			}, {
				"type": "directory",
				"name": "stim-old",
				"subdirectory": [{
					"info": "###",
					"type": "file",
					"name": "2102.jpg"
				}, {
					"info": "###",
					"type": "file",
					"name": "2141.jpg"
				}, {
					"info": "###",
					"type": "file",
					"name": "2205.jpg"
				}, {
					"info": "###",
					"type": "file",
					"name": "2235.jpg"
				}, {
					"info": "###",
					"type": "file",
					"name": "2276.jpg"
				}, {
					"info": "###",
					"type": "file",
					"name": "2393.jpg"
				}, {
					"info": "###",
					"type": "file",
					"name": "2397.jpg"
				}, {
					"info": "###",
					"type": "file",
					"name": "2455.jpg"
				}, {
					"info": "###",
					"type": "file",
					"name": "2700.jpg"
				}, {
					"info": "###",
					"type": "file",
					"name": "2703.jpg"
				}, {
					"info": "###",
					"type": "file",
					"name": "2745.jpg"
				}, {
					"info": "###",
					"type": "file",
					"name": "2799.jpg"
				}, {
					"info": "###",
					"type": "file",
					"name": "2850.jpg"
				}, {
					"info": "###",
					"type": "file",
					"name": "2900.jpg"
				}, {
					"info": "###",
					"type": "file",
					"name": "5390.jpg"
				}, {
					"info": "###",
					"type": "file",
					"name": "5500.jpg"
				}, {
					"info": "###",
					"type": "file",
					"name": "5731.jpg"
				}, {
					"info": "###",
					"type": "file",
					"name": "7009.jpg"
				}, {
					"info": "###",
					"type": "file",
					"name": "7041.jpg"
				}, {
					"info": "###",
					"type": "file",
					"name": "7053.jpg"
				}, {
					"info": "###",
					"type": "file",
					"name": "7090.jpg"
				}, {
					"info": "###",
					"type": "file",
					"name": "7185.jpg"
				}, {
					"info": "###",
					"type": "file",
					"name": "7493.jpg"
				}, {
					"info": "###",
					"type": "file",
					"name": "9421.jpg"
				}, {
					"info": "###",
					"type": "file",
					"name": "9530.jpg"
				}, {
					"info": "###",
					"type": "file",
					"name": "IMG0002.jpg"
				}, {
					"info": "###",
					"type": "file",
					"name": "IMG0006.jpg"
				}, {
					"info": "###",
					"type": "file",
					"name": "IMG0008.jpg"
				}, {
					"info": "###",
					"type": "file",
					"name": "IMG0013.jpg"
				}, {
					"info": "###",
					"type": "file",
					"name": "IMG0015.jpg"
				}, {
					"info": "###",
					"type": "file",
					"name": "IMG0021.jpg"
				}, {
					"info": "###",
					"type": "file",
					"name": "IMG0036.jpg"
				}, {
					"info": "###",
					"type": "file",
					"name": "IMG0041.jpg"
				}, {
					"info": "###",
					"type": "file",
					"name": "IMG0043.jpg"
				}, {
					"info": "###",
					"type": "file",
					"name": "IMG0047.jpg"
				}, {
					"info": "###",
					"type": "file",
					"name": "IMG0067.jpg"
				}, {
					"info": "###",
					"type": "file",
					"name": "IMG0072.jpg"
				}, {
					"info": "###",
					"type": "file",
					"name": "IMG0075.jpg"
				}, {
					"info": "###",
					"type": "file",
					"name": "IMG0076.jpg"
				}, {
					"info": "###",
					"type": "file",
					"name": "IMG0083.jpg"
				}, {
					"info": "###",
					"type": "file",
					"name": "IMG0086.jpg"
				}, {
					"info": "###",
					"type": "file",
					"name": "IMG0087.jpg"
				}, {
					"info": "###",
					"type": "file",
					"name": "IMG0092.jpg"
				}, {
					"info": "###",
					"type": "file",
					"name": "IMG0094.jpg"
				}, {
					"info": "###",
					"type": "file",
					"name": "IMG0099.jpg"
				}, {
					"info": "###",
					"type": "file",
					"name": "IMG0102.jpg"
				}, {
					"info": "###",
					"type": "file",
					"name": "IMG0110.jpg"
				}]
			}, {
				"info": "###",
				"type": "file",
				"name": "test.js"
			}]
		}]
	}, {
		"info": "###",
		"type": "file",
		"name": "run.bat"
	}, {
		"info": "###",
		"type": "file",
		"name": "server.py"
	}]
}]